{
   "Gang Shootout":"CRIMES/CRIME_GANG",
   "Officer Requires Backup":"CRIMES/CRIME_ASSAULT_ON_AN_OFFICER",
   "Shots Fired":"CRIMES/CRIME_SHOTS_FIRED_0",
   "Slow Vehicle":"CRIMES/CRIME_MOVING_VIOLATION_01.ogg",
   "Possible Terrorism":"CRIMES/CRIME_TERRORIST_ACTIVITY",
   "Lost MC Shootout":"CRIMES/CRIME_SHOOT_OUT_01.ogg",
   "Mountain Lion Attack":"CRIMES/CRIME_VICIOUS_ANIMAL",
   "Dog Pack Attack":"CRIMES/CRIME_VICIOUS_ANIMAL",
   "Arrest Warrant":"CRIMES/CRIME_WARRANT_ISSUED_01.ogg",
   "Fleeca Bank Robbery":"CRIMES/CRIME_BANK_ROBBERY",
   "Pacific Standard Public Deposit Bank Robbery":"CRIMES/CRIME_BANK_ROBBERY",
   "Legion Bank Robbery":"CRIMES/CRIME_BANK_ROBBERY",
   "Pacific Standard Bank Robbery":"CRIMES/CRIME_BANK_ROBBERY",
   "Paleto Bay Bank Robbery":"CRIMES/CRIME_BANK_ROBBERY",
   "Fight On The Beach":"CRIMES/CRIME_DISTURBANCE",
   "Parking Violation":"CRIMES/CRIME_TRAFFIC_VIOLATION_01.ogg",
   "Oversized Vehicle":"CRIMES/CRIME_MOVING_VIOLATION_01.ogg",
   "Pursuit of Armed Suspects":"CRIMES/CRIME_ROBBERY",
   "Reckless Driver":"CRIMES/CRIME_RECKLESS_DRIVER_01.ogg",
   "Car Driving in Reverse":"CRIMES/CRIME_RECKLESS_DRIVER_01.ogg",
   "Slow Driver":"CRIMES/CRIME_MOVING_VIOLATION_01.ogg",
   "Stolen Firetruck":"CRIMES/CRIME_STOLEN_VEHICLE_01.ogg",
   "Stolen Police Car":"CRIMES/CRIME_STOLEN_COP_CAR",
   "Corrupt LSPD Officer":"CRIMES/CRIME_SHOOTING_0",
   "Cyclist on highway":"CRIMES/CRIME_MOVING_VIOLATION_01.ogg",
   "Domestic Dispute":"CRIMES/CRIME_DOMESTIC_DISTURBANCE",
   "Street Race":"CRIMES/CRIME_RECKLESS_DRIVER_01.ogg",
   "Group Attack":"CRIMES/CRIME_ASSAULT_ON_A_CIVILIAN_01.ogg",
   "Group Fight":"CRIMES/CRIME_ASSAULT_0",
   "Group Gun Fight":"CRIMES/CRIME_FIREARMS_INCIDENT",
   "**HIGH RISK** Arrest Warrant":"CRIMES/CRIME_WANTED_FELON_ON_THE_LOOSE_01.ogg",
   "Killer Clown Sighting":"CRIMES/CRIME_SUSPECT_ARMED_AND_DANGEROUS_01.ogg",
   "Possible LEO Impersonator":"CRIMES/CRIME_SUSPICIOUS_ACTIVITY_01.ogg",
   "Possible Military Impersonator":"CRIMES/CRIME_SUSPICIOUS_ACTIVITY_01.ogg",
   "Mugging":"CRIMES/CRIME_MUGGING_01.ogg",
   "Officer Down":"CRIMES/CRIME_OFFICER_DOWN",
   "Refuse To Pay":"CRIMES/CRIME_DISTURBANCE",
   "Robbery":"CRIMES/CRIME_ROBBERY",
   "Suicidal Person (City-Bridge)":"CRIMES/CRIME_CIVILIAN_NEEDING_ASSISTANCE",
   "Suicidal Person (Sandy Shores)":"CRIMES/CRIME_CIVILIAN_NEEDING_ASSISTANCE",
   "Unroadworthy Vehicle":"CRIMES/CRIME_MOVING_VIOLATION_01.ogg",
   "Welfare check":"CRIMES/CRIME_CIVILIAN_NEEDING_ASSISTANCE"
}